Codon,alpha,beta,beta-alpha,Posterior Prob Positive Selection,Posterior Prob Negative Selection,Potential Scale Reduction Factor,Effective sample size,Estimated variance of the posterior prob of positive selection,Empirical Bayes Factor
1,1.00783,0.785652,-0.222176,0.207292,0.75293432932795,1.00077951894763,866.427644033192,0.000308630276781264,0.99421
2,1.00783,0.785652,-0.222176,0.207292,0.75293432932795,1.00077951894763,866.427644033192,0.000308630276781264,0.99421
3,1.00783,0.785652,-0.222176,0.207292,0.75293432932795,1.00077951894763,866.427644033192,0.000308630276781264,0.99421
4,1.00783,0.785652,-0.222176,0.207292,0.75293432932795,1.00077951894763,866.427644033192,0.000308630276781264,0.99421
5,1.00783,0.785652,-0.222176,0.207292,0.75293432932795,1.00077951894763,866.427644033192,0.000308630276781264,0.99421
6,1.00783,0.785652,-0.222176,0.207292,0.75293432932795,1.00077951894763,866.427644033192,0.000308630276781264,0.99421
7,1.00783,0.785652,-0.222176,0.207292,0.75293432932795,1.00077951894763,866.427644033192,0.000308630276781264,0.99421
8,1.00783,0.785652,-0.222176,0.207292,0.75293432932795,1.00077951894763,866.427644033192,0.000308630276781264,0.99421
9,1.00783,0.785652,-0.222176,0.207292,0.75293432932795,1.00077951894763,866.427644033192,0.000308630276781264,0.99421
10,1.00783,0.785652,-0.222176,0.207292,0.75293432932795,1.00077951894763,866.427644033192,0.000308630276781264,0.99421
11,1.00783,0.785652,-0.222176,0.207292,0.75293432932795,1.00077951894763,866.427644033192,0.000308630276781264,0.99421
12,1.00783,0.785652,-0.222176,0.207292,0.75293432932795,1.00077951894763,866.427644033192,0.000308630276781264,0.99421
13,1.00783,0.785652,-0.222176,0.207292,0.75293432932795,1.00077951894763,866.427644033192,0.000308630276781264,0.99421
14,1.00783,0.785652,-0.222176,0.207292,0.75293432932795,1.00077951894763,866.427644033192,0.000308630276781264,0.99421
15,1.00783,0.785652,-0.222176,0.207292,0.75293432932795,1.00077951894763,866.427644033192,0.000308630276781264,0.99421
16,1.00783,0.785652,-0.222176,0.207292,0.75293432932795,1.00077951894763,866.427644033192,0.000308630276781264,0.99421
17,1.00783,0.785652,-0.222176,0.207292,0.75293432932795,1.00077951894763,866.427644033192,0.000308630276781264,0.99421
18,1.00783,0.785652,-0.222176,0.207292,0.75293432932795,1.00077951894763,866.427644033192,0.000308630276781264,0.99421
19,1.00783,0.785652,-0.222176,0.207292,0.75293432932795,1.00077951894763,866.427644033192,0.000308630276781264,0.99421
20,1.00783,0.785652,-0.222176,0.207292,0.75293432932795,1.00077951894763,866.427644033192,0.000308630276781264,0.99421
21,1.00783,0.785652,-0.222176,0.207292,0.75293432932795,1.00077951894763,866.427644033192,0.000308630276781264,0.99421
22,1.00783,0.785652,-0.222176,0.207292,0.75293432932795,1.00077951894763,866.427644033192,0.000308630276781264,0.99421
23,1.00783,0.785652,-0.222176,0.207292,0.75293432932795,1.00077951894763,866.427644033192,0.000308630276781264,0.99421
24,1.00783,0.785652,-0.222176,0.207292,0.75293432932795,1.00077951894763,866.427644033192,0.000308630276781264,0.99421
25,0.110213,0.240362,0.130149,0.889396,0.0677663474069607,1.0017176415295,746.70398043433,0.00124418516684436,30.5728
26,0.483065,0.483077,1.27515e-05,0.259138,0.241284158617225,1.0144808059059,262.736023490085,0.0291928166332308,1.32985
27,0.373865,0.0355728,-0.338292,7.20894e-06,0.999958680264183,1.00247559465315,671.883372581005,1.72705515978651e-11,2.74085e-05
28,0.533075,0.156681,-0.376393,5.45618e-05,0.999728733610587,1.02895275768369,154.013034394815,9.07546967251393e-10,0.000207454
29,0.387894,0.047396,-0.340498,6.91762e-05,0.999816549119696,1.00730770423979,411.316463596085,8.15769694203298e-10,0.000263025
30,0.397186,0.00827537,-0.388911,2.59028e-07,0.999998241503874,1.0043093440042,541.194007120714,2.10441034395462e-14,9.84819e-07
31,0.468548,0.0889805,-0.379567,5.39656e-05,0.999832238273782,1.00477287470302,515.914349829153,4.73520333130193e-10,0.000205187
32,0.502001,0.00581532,-0.496186,1.45702e-11,0.999999999869747,1.00529642376948,490.095445448705,7.57187678728536e-23,5.53957e-11
33,0.557615,0.0737007,-0.483914,1.73302e-07,0.99999920833451,1.01194107282909,300.964794739867,6.48950434437429e-15,6.58892e-07
34,0.0706142,0.0481593,-0.0224549,0.359711,0.447851587300157,1.01199651885377,300.008298633704,0.0245293888266781,2.13593
35,0.282827,0.0432127,-0.239615,0.000922104,0.996151797607669,1.0022915439261,688.624206807966,2.70386553734827e-07,0.00350906
36,0.520742,0.112859,-0.407884,4.08698e-06,0.999984619771622,1.00836223213317,379.480311339962,4.0968503030154e-12,1.55387e-05
37,0.376994,0.143497,-0.233496,0.0184847,0.962944135547148,0.999511476019257,1107.17286661924,3.90687968237685e-05,0.071602
38,0.558943,0.00666715,-0.552276,1.87139e-11,0.999999999863495,1.00411491765325,552.561843244132,1.07388363283767e-22,7.11499e-11
39,0.553424,0.00604409,-0.54738,3.28286e-12,0.999999999973551,1.00482880349883,513.02515413027,3.60540542729509e-24,1.24814e-11
40,1.21049,0.0363309,-1.17416,4.84085e-17,0.999999999999998,0.999558143072842,1095.94528786231,1.69012374634956e-33,1.84048e-16
41,0.446041,0.350017,-0.0960235,0.181632,0.67838165889402,1.00897463012339,363.19547428293,0.00364633237030935,0.843825
42,0.329767,0.00807034,-0.321696,4.80388e-07,0.999996774536295,1.00690869411343,424.831382075744,8.09062788170161e-14,1.82643e-06
43,0.297596,0.172534,-0.125062,0.144124,0.783134173398363,0.999613908947492,1082.82568755768,0.00145340342508058,0.640228
44,0.197685,0.00605753,-0.191628,0.000357625,0.997414434716141,0.998624370811534,1375.39784369746,7.64677131608368e-08,0.00136017
45,0.387048,0.0578393,-0.329208,0.000116933,0.999599913754458,1.00661753105834,435.278670101276,2.79789272976677e-09,0.000444629
46,0.989421,0.128113,-0.861308,4.66311e-08,0.999999368711564,1.00443084677041,534.327583210981,8.87813586676913e-16,1.7729e-07
47,0.208187,0.29824,0.090053,0.75667,0.164999962184568,1.00436511989958,538.019879712141,0.00320695422727906,11.8228
48,0.398651,0.0793227,-0.319328,0.000337917,0.998864204405437,1.00819787767381,384.107801838703,2.61900938346133e-08,0.00128519
49,0.377359,0.453367,0.0760084,0.621697,0.161086874314087,1.0167518875934,236.107924075844,0.0132049167425894,6.24812
50,0.231271,0.167305,-0.0639656,0.245733,0.650005614372873,0.998780905788807,1318.95282762502,0.00367658538676973,1.23865
51,0.485392,0.00685673,-0.478536,2.68367e-09,0.999999979262795,1.0022622451984,691.367308580917,2.39583289435302e-18,1.02032e-08
52,1.03622,0.041383,-0.994836,3.14339e-11,0.999999999787948,0.999113048656248,1213.37177548597,3.74531378880155e-22,1.19511e-10
53,0.3729,0.00886868,-0.364031,4.04973e-07,0.999997469276063,1.00560150073168,476.22509368273,5.06453117806321e-14,1.5397e-06
54,0.3851,0.0354793,-0.349621,8.39079e-06,0.999952150534179,1.00278311390521,645.675922959079,2.30107538519195e-11,3.19019e-05
55,0.471344,0.00749989,-0.463844,2.12936e-09,0.999999984738285,1.004233248544,545.586258536671,1.38769213378336e-18,8.09577e-09
56,0.324406,0.0443738,-0.280032,0.000259821,0.998983462889692,1.00304222073728,625.14767286828,1.78675473885225e-08,0.000988091
57,1.2102,0.0103163,-1.19988,9.76075e-19,1.0,1.00215623202918,701.480169704364,8.28843851085097e-37,3.71102e-18
58,0.435128,0.0481475,-0.386981,1.86085e-05,0.999947642200748,1.00952288570404,349.780505278223,6.29749894235317e-11,7.07504e-05
59,0.374957,0.0706657,-0.304291,0.000388777,0.998743601066562,1.00613480167297,453.802119077656,3.15349380786308e-08,0.0014787
60,0.400976,0.0436914,-0.357285,4.34957e-05,0.999869505448198,1.00594885694701,461.372525512562,2.95550014269209e-10,0.000165377
61,0.38825,0.526062,0.137812,0.739519,0.00330097083472029,1.01201845028715,299.631679802688,0.0297847362711146,10.794
62,0.490948,0.10842,-0.382527,7.32249e-05,0.999781243052007,1.00481644868691,513.660555267477,9.27147706712017e-10,0.00027842
63,0.216522,0.26467,0.0481476,0.625867,0.274438256582429,1.00237485215001,680.943344360065,0.0045701159629431,6.36012
64,0.236269,0.280845,0.044576,0.616905,0.279864146565704,1.00495020656552,506.865290032249,0.00503540735730314,6.12239
65,0.264942,0.320398,0.0554552,0.655999,0.233838125597408,1.00375111330377,575.18793560261,0.00553460969492031,7.25025
66,0.358582,0.510369,0.151787,0.796815,0.0193553954311565,1.0140163055671,268.965246325285,0.0147340020065793,14.9099
67,0.408992,0.045198,-0.363793,0.000278669,0.998920723359038,1.00377974838416,573.339142748072,2.39291318497841e-08,0.00105979
68,0.485855,0.0359167,-0.449939,2.32431e-08,0.999999869971637,1.01981959209324,207.87335939884,1.42802968421637e-16,8.83699e-08
69,0.205642,0.950658,0.745016,0.993469,1.53054506547647e-05,1.00891254848522,364.781099191477,2.49321400973794e-05,578.347
70,0.526566,0.154893,-0.371673,0.000299794,0.999128717392883,1.02183858510443,192.811663297237,2.10538455834686e-08,0.00114015
71,0.379243,0.036545,-0.342698,7.52692e-06,0.999962599415372,1.00320474483758,612.932074587754,1.68725713628797e-11,2.86174e-05
72,0.54532,0.128922,-0.416398,2.56048e-05,0.99991520325202,1.01144579883172,309.794649982511,1.43494707718144e-10,9.73514e-05
73,0.4826,0.498818,0.0162183,0.293762,0.157906612485339,1.01424700930126,265.833812825694,0.0391701571106425,1.58145
74,0.459781,0.172538,-0.287243,0.00800508,0.982705423981633,1.00585055836391,465.479296665579,9.60795400037984e-06,0.0306808
75,0.276499,0.174634,-0.101865,0.152154,0.765348053497616,1.00060417503452,893.241291687272,0.00173120776728175,0.682301
76,0.300207,0.00574118,-0.294465,4.05947e-06,0.999962624176922,1.0021963062857,697.622419104882,7.72896583409414e-12,1.54341e-05
77,1.20155,0.00939462,-1.19215,6.45798e-17,1.0,1.00318870747649,614.115940452087,3.07970488127723e-33,2.45531e-16
78,0.425091,0.34885,-0.0762407,0.209892,0.646294956261382,1.00871003750441,370.053160053294,0.00435681459644845,1.01
79,0.516904,0.0409159,-0.475988,1.14006e-08,0.999999935187912,1.03166881346116,143.170944292216,3.43095271250613e-17,4.33448e-08
80,0.341522,0.0364239,-0.305098,5.37597e-05,0.999710756762382,1.00177893799945,740.032471542011,9.68381758267285e-10,0.000204405
81,0.339177,0.0435133,-0.295664,0.000164557,0.999335972383594,1.00263858393002,657.730685985241,7.24473327258541e-09,0.000625747
82,0.324621,0.0945459,-0.230075,0.00786494,0.983916582673117,0.998968641720968,1257.11099465851,7.22329187880318e-06,0.0301394
83,0.29455,0.102414,-0.192136,0.0674953,0.887242800197724,1.00105172386916,827.874009512184,0.000616494368068243,0.27519
84,0.144181,0.0373219,-0.106859,0.0262956,0.854663372672317,0.999166321234476,1197.99940753474,0.000724151179856513,0.102675
85,0.473715,0.105934,-0.367782,7.90814e-05,0.999736783933152,1.01156609718478,307.601431897086,1.15778786769673e-09,0.00030069
86,0.175212,0.0130339,-0.162178,0.00232188,0.99264045022377,0.999687935870336,1065.89084907795,1.52398186356522e-06,0.00884829
87,0.377852,0.0173658,-0.360486,5.73785e-06,0.999982452853993,1.00300754094476,627.818361109389,5.32893188854193e-12,2.18153e-05
88,0.512115,0.00600236,-0.506113,2.00887e-11,0.999999999831176,1.00467235863417,521.190734453401,1.40475195897993e-22,7.6377e-11
89,0.43738,0.0339642,-0.403416,1.44214e-07,0.99999897508832,1.00460226923961,524.935218491343,7.47902298992882e-15,5.483e-07
90,0.417844,0.0426015,-0.375243,5.41981e-06,0.999976287237144,1.00586385404523,464.919481181622,7.12629026238677e-12,2.06061e-05
91,0.515152,0.14732,-0.367832,0.000378874,0.998814257217108,1.01832564744126,220.696018554731,2.8464756310423e-08,0.00144102
92,0.258934,0.00584468,-0.25309,2.84943e-05,0.999764542941134,1.00057961381672,897.131465674453,3.99791251794629e-10,0.000108338
93,0.351584,0.039185,-0.312399,6.71714e-05,0.999650666642944,1.00183817817127,733.698216757032,1.5063474077107e-09,0.000255401
94,0.35289,0.371361,0.0184713,0.500866,0.33975768586414,1.00766983193491,399.786948958996,0.00875835966703182,3.81517
95,0.273688,0.243774,-0.0299142,0.36638,0.52198721243242,1.00491194243677,508.790507282995,0.00464991989354291,2.19843
96,0.485235,0.104756,-0.380479,0.0003174,0.999214396880237,1.00567831631611,472.857423755765,1.25755400116575e-08,0.00120713
97,1.0023,0.143226,-0.859072,9.08795e-07,0.999995515446433,1.00312522281806,618.84812583893,3.06193930097412e-13,3.45523e-06
98,0.255921,0.0902602,-0.165661,0.0203585,0.953049476216015,1.00118671544403,810.010396475924,7.60732398824744e-05,0.0790112
99,0.485983,0.14047,-0.345513,0.00122107,0.997006951244909,1.00720612884998,414.673182375439,2.20238681994707e-07,0.00464817
100,0.622981,0.0163229,-0.606658,0.00453442,0.98647288255941,1.00629089558277,447.639343567285,7.59889481772888e-06,0.0173183
101,0.360646,0.0598575,-0.300788,0.000318657,0.998809635115549,1.00334690436108,602.636562865378,2.68951920896305e-08,0.00121191
102,0.270184,0.00756192,-0.262622,1.54989e-05,0.999904054252805,1.00169365121736,749.348293755819,8.82714399061539e-11,5.89275e-05
103,0.196163,0.0402336,-0.155929,0.0122505,0.94821268530527,1.00124896847377,802.031879613036,8.64902693387398e-05,0.0471538
104,0.318196,0.259368,-0.0588272,0.264885,0.623691403838068,1.00640183560743,443.36176991697,0.00387817443471195,1.36997
105,0.382093,0.0349697,-0.347123,1.14405e-05,0.999928901802895,1.00310190222698,620.605053275347,4.65190189766088e-11,4.34969e-05
106,1.16149,0.0110921,-1.1504,1.09123e-14,0.999999999999901,1.00282546747954,642.227581586175,7.09072439344101e-29,4.14882e-14
107,0.373129,0.115416,-0.257713,0.00555462,0.986193187079189,1.00425892386611,544.096212201568,5.59187702529072e-06,0.0212365
108,0.269609,0.272986,0.00337697,0.478724,0.410372879803167,1.00594543317095,461.514327386582,0.00524168109630253,3.49162
109,0.358676,0.11618,-0.242496,0.00588314,0.985538677237762,1.00297633093787,630.241664860563,5.67753242673383e-06,0.0224999
110,0.112367,0.501636,0.389269,0.998528,0.000187389118887277,1.01203950564853,299.271016932612,8.80213430432864e-07,2579.24
111,0.134812,0.0365139,-0.0982979,0.0259449,0.840280285356889,0.999224019941164,1181.78594712813,0.000787550986446652,0.101269
112,0.332094,0.276475,-0.0556191,0.283287,0.603865308873219,1.00621838591694,450.480806191751,0.00414398050832044,1.50277
113,0.406676,0.0351392,-0.371536,2.46152e-06,0.999985599669693,1.0033558575974,601.999858326343,1.97450414616899e-12,9.35868e-06
114,0.230407,0.0415294,-0.188877,0.00540667,0.979321387770485,1.0030347350396,625.722197792588,1.07127700448535e-05,0.0206678
115,0.350447,0.0367535,-0.313694,2.2014e-05,0.999888032639038,1.00246049155288,673.226058692456,1.5181741477972e-10,8.36987e-05
116,0.195335,0.0421177,-0.153217,0.0156334,0.942345240271324,1.00157733792417,762.441796570636,0.000116941578569735,0.060382
117,0.268367,0.0779314,-0.190435,0.0140638,0.964550676831179,1.0015697421987,763.312951201132,4.3427753428643e-05,0.0542332
118,0.381732,0.0412567,-0.340476,7.50762e-06,0.999964697167284,1.00581559967775,466.957794007993,1.59601955048161e-11,2.8544e-05
119,0.476978,0.112572,-0.364405,0.00011063,0.999653766883018,1.00353034043878,589.8580445959,2.19965665743349e-09,0.00042066
120,0.271914,0.0622951,-0.209619,0.00648063,0.980735275072673,1.00184816430762,732.6412233703,1.08975107407721e-05,0.0248
121,0.130828,0.110514,-0.0203143,0.377835,0.484531977523806,1.00009477968882,981.581881531343,0.00879644823131386,2.30891
122,0.391483,0.208857,-0.182626,0.0515478,0.905926990411375,1.00402616072173,557.913926891604,0.000317290865886697,0.206635
123,0.377928,0.0618753,-0.316053,0.000247864,0.999226107774149,1.00608394882221,455.847295650536,1.13222542958339e-08,0.000942607
124,0.374576,0.0370348,-0.337541,1.08021e-05,0.999948994753916,1.00329886087961,606.07657907673,3.348849047525e-11,4.10697e-05
125,0.469075,0.114546,-0.354529,0.000127972,0.999576099661784,1.00528394737351,490.68018059031,3.07891815298762e-09,0.000486609
126,0.259432,0.010185,-0.249247,0.000113786,0.99949528964417,1.00129765285495,795.902053131863,3.73106995916316e-09,0.00043266
127,0.192274,0.101623,-0.0906505,0.108153,0.816983799124415,0.998022173641469,1646.83464431371,0.00123774797134555,0.461058
128,0.232248,0.332422,0.100174,0.789599,0.131466993582772,1.0023490789186,683.30101628751,0.00300247577777154,14.2681
129,0.245147,0.0438599,-0.201287,0.00190671,0.991963065696621,1.00363683503213,582.688100703949,1.28520623930563e-06,0.00726313
130,0.442786,0.074586,-0.3682,0.000149393,0.99958409939895,1.00645683372527,441.271859681749,3.0291808144657e-09,0.000568075
131,1.21047,0.0377192,-1.17275,9.3213e-16,0.99999999999996,0.999314495177482,1157.23281504911,5.40595009863003e-31,3.54394e-15
132,0.343528,0.00595148,-0.337576,1.07667e-07,0.999998948028564,1.00532563196477,488.732055569348,4.77764847270013e-15,4.09349e-07
133,0.45723,0.0768362,-0.380393,3.07429e-05,0.999891917199677,1.01337991666263,278.010469390409,1.73585869710252e-10,0.000116888
134,0.386802,0.125001,-0.261801,0.0069257,0.985633549287532,0.999011499955586,1243.80213406868,6.44822056957263e-06,0.026515
135,0.834253,0.0408042,-0.793449,4.41219e-11,0.999999999702444,1.01658618395978,237.86137219583,6.78964211932291e-22,1.67751e-10
136,0.408288,0.00909677,-0.399191,3.33726e-07,0.999997983571994,1.00413121812432,551.590210919569,3.19166278036888e-14,1.26882e-06
137,0.195127,0.402659,0.207531,0.947184,0.0254435706733809,0.99956679723504,1093.88834482614,0.000353215587621182,68.183
138,0.349711,0.354518,0.00480725,0.461287,0.392795171212215,1.00684139867694,427.200421758449,0.00710032416035627,3.25554
139,0.332329,0.00639154,-0.325937,2.66466e-06,0.99997690128808,1.00286696781872,638.884667362742,3.06801628426522e-12,1.0131e-05
140,0.507075,0.46842,-0.0386557,0.172142,0.352226991661143,1.01341476580356,277.498975417495,0.0167429486614966,0.790574
141,0.140009,0.00667405,-0.133335,0.0039795,0.970527604678984,0.99710425342481,2357.70051865526,1.7512275067127e-05,0.0151904
142,0.267283,0.0838997,-0.183383,0.0195584,0.954691935440484,1.00120528308876,807.613997517713,7.32273570439707e-05,0.0758439
143,0.663585,0.0512289,-0.612356,0.0195235,0.966200657212993,1.004214363951,546.687503288233,5.71034234303016e-05,0.0757059
144,0.387047,0.467384,0.0803372,0.638171,0.130781265989657,1.01728520491964,230.641389081026,0.0160706998092232,6.70568
145,0.311736,0.0404084,-0.271328,0.00019804,0.999012168765082,1.00186504831469,730.861099535539,1.3387987852284e-08,0.000753092
146,0.402681,0.0699825,-0.332698,0.000110556,0.999609967313748,1.00893708603413,364.152699713239,2.57425792593363e-09,0.00042038
147,0.469533,0.150727,-0.318806,0.00305614,0.992957739755101,1.00577691268831,468.605139749596,1.39888420304143e-06,0.011655
148,0.478771,0.0433227,-0.435448,1.75516e-06,0.999994113205517,1.01042104091597,329.863732356272,4.97819282609358e-13,6.67308e-06
149,0.53137,0.156676,-0.374694,0.000310855,0.99908664685947,1.02284319541639,186.130877266883,2.26233860204783e-08,0.00118223
150,0.509773,0.00599268,-0.503781,2.22346e-11,0.999999999812018,1.00469886796359,519.788576952425,1.72544889647413e-22,8.45357e-11
151,0.189707,0.129851,-0.0598563,0.230634,0.656137346245802,0.99875423941509,1328.23694603477,0.00424941472807146,1.13973
152,0.455716,0.0369124,-0.418804,1.28941e-07,0.999999143805138,1.00632714511498,446.232444654266,5.5744143574752e-15,4.90229e-07
153,0.353679,0.140006,-0.213673,0.0242467,0.952940200773586,0.999567660052286,1093.68369437216,6.41239749048881e-05,0.0944761
154,0.294643,1.21073,0.916086,1.0,2.56681567470526e-11,1.00615282954491,453.081555392592,4.19039822868459e-14,14734800.0
155,0.247018,0.00606903,-0.240949,4.54991e-05,0.999650798827806,1.00025354102522,952.215867732263,9.9098468076548e-10,0.000172994
156,0.0870308,0.41909,0.332059,0.987095,0.00574756684843307,1.00149601712621,771.874136270075,2.58574834516658e-05,290.81
157,0.422241,0.0980922,-0.324149,0.000206165,0.99929275644641,1.0080713766383,387.748688367669,8.64123467690601e-09,0.000783995
158,0.332143,0.784214,0.452071,0.911938,0.0002444264107833,1.0105264751461,327.676716871757,0.00400874870617348,39.3721
159,0.551503,0.0917678,-0.459736,5.99393e-07,0.9999975240462,1.00440356860391,535.853714063562,8.78533803779569e-14,2.27888e-06
160,0.473648,0.523689,0.0500413,0.393192,0.0235861997243696,1.01325766023591,279.820304386251,0.0634457595581371,2.46357
161,0.357491,0.518671,0.16118,0.81182,0.00887388612859822,1.01285328173765,285.983033728933,0.0155805478224082,16.4019
162,0.324353,0.0346803,-0.289673,5.73583e-05,0.99957621298376,1.00186860918143,730.486783762994,1.53155678811191e-09,0.000218088
163,0.247619,0.00684172,-0.240777,6.53196e-05,0.999558592156814,1.00034083237912,936.811743242669,1.86045673844831e-09,0.00024836
164,0.436829,0.00905801,-0.427771,1.00594e-07,0.999999399119434,1.00362174084907,583.693586394497,2.80317541808429e-15,3.82455e-07
165,0.225255,0.0887375,-0.136518,0.0522043,0.891369071507506,1.00113802159929,816.363705614287,0.000529864635994539,0.209412
166,0.478015,0.155199,-0.322815,0.00247365,0.994101825337514,1.00807135447195,387.749332517497,9.90517098359246e-07,0.00942808
167,0.433265,0.0170986,-0.416166,1.46334e-06,0.99999548538907,1.00251838535867,668.108465431852,3.55464159482835e-13,5.56361e-06
168,0.406704,0.0350629,-0.371641,2.34126e-06,0.999986140936995,1.00335969319483,601.727508562386,1.80079859824894e-12,8.90146e-06
169,0.622981,0.0163229,-0.606658,0.00453442,0.98647288255941,1.00629089558277,447.639343567285,7.59889481772888e-06,0.0173183
170,0.483176,0.0492651,-0.433911,2.54769e-06,0.99999183255861,1.00737846738877,409.010509418413,1.32179955345573e-12,9.68629e-06
171,0.235531,0.143694,-0.0918372,0.146452,0.765040400294175,0.999278037872068,1167.00202203251,0.00202800115021746,0.652343
172,1.21053,0.345247,-0.865283,7.40636e-07,0.999944709053465,1.01827114061854,221.194972696466,9.29466202993379e-13,2.81589e-06
173,0.371023,0.578874,0.20785,0.82598,0.00960630171637936,1.01236292100368,293.840985806931,0.0134721116024381,18.046
174,0.362148,0.357221,-0.00492721,0.426644,0.422757409186082,1.00782374950628,395.083497906825,0.00710222911500018,2.82912
175,0.107416,0.270474,0.163058,0.929376,0.0417882030657909,1.0015303237371,767.866344634208,0.000511592082333652,50.0319
176,0.489324,0.120554,-0.36877,0.000263075,0.999261099042581,1.00985017629806,342.243991765968,1.09616949545522e-08,0.00100047
177,0.800751,0.0891163,-0.711635,2.39004e-07,0.999998944238205,0.998507774072279,1420.70355851611,1.41158646737586e-14,9.0869e-07
178,0.298506,0.0914427,-0.207064,0.0108287,0.974422040439922,1.00183419470702,734.120711111895,2.03596778957484e-05,0.0416212
179,0.442746,0.0878979,-0.354848,9.722e-05,0.999665852618775,1.01432632237388,264.774524380311,1.87360921703541e-09,0.000369664
180,0.523266,0.0776272,-0.445639,1.18938e-06,0.999990499026111,1.03436986607252,133.872293170892,4.24425035621838e-13,4.52202e-06
181,1.18694,0.101415,-1.08552,5.18527e-10,0.999999996261397,1.00245818688099,673.431424573356,1.81362134475474e-19,1.97143e-09
182,0.51097,0.111381,-0.399589,4.93975e-06,0.999981148664324,1.00739544492175,408.461175956996,6.07402012084856e-12,1.87809e-05
183,0.653604,0.14556,-0.508044,1.0018e-05,0.999949273707437,1.02043772446878,203.008230004093,2.86543345577937e-11,3.80885e-05
184,0.66489,0.0861015,-0.578789,0.0416373,0.936434875035991,0.997317827386281,2142.31151357804,0.000273022036159698,0.165182
185,0.270828,0.0573898,-0.213438,0.00431809,0.986943092064673,1.00279666332378,644.568687954296,4.38996824201947e-06,0.0164885
186,0.130227,0.0561011,-0.0741258,0.12011,0.732065386692883,0.999225436066983,1181.39356345017,0.0051759194916068,0.518993
187,0.290475,0.216373,-0.0741027,0.242254,0.659547986813113,1.00364757894577,581.97453974028,0.00311809434896654,1.2155
188,0.464779,0.147135,-0.317644,0.00338807,0.992240706897172,1.0039961149121,559.74959643212,1.57191004268548e-06,0.0129252
189,0.414026,0.526469,0.112443,0.64545,0.0101578934499602,1.01276365017689,287.386983417341,0.0415426294392678,6.92143
190,0.378252,0.0765276,-0.301724,0.00102396,0.997115524898901,1.00555321321737,478.367131785128,1.8924365028147e-07,0.00389707
191,0.254692,0.076993,-0.177699,0.0165974,0.95803920696286,1.00166673017514,752.338262693596,6.26468383711978e-05,0.0641679
192,0.450355,0.03526,-0.415095,3.88905e-07,0.999997795004392,1.00657618940425,436.804622326259,4.57984162682298e-14,1.47861e-06
193,0.355673,0.0171653,-0.338508,9.97474e-06,0.999969564497459,1.00408032540193,554.635346099726,1.621704516574e-11,3.79242e-05
194,0.284232,0.00888095,-0.275351,3.27847e-05,0.999821867600396,1.00187953599363,729.340579558595,3.5274487219436e-10,0.000124651
195,0.279196,0.056789,-0.222408,0.00356891,0.989066090099651,1.00260134120218,660.911137700282,2.99695613096372e-06,0.0136175
196,0.622981,0.0163229,-0.606658,0.00453442,0.98647288255941,1.00629089558277,447.639343567285,7.59889481772888e-06,0.0173183
197,0.501817,0.0055793,-0.496237,8.06959e-12,0.99999999992414,1.00553986202668,478.962851299241,2.38979947334481e-23,3.06804e-11
198,0.640945,0.121952,-0.518993,7.55295e-07,0.999996355713059,1.00434646295998,539.077408713763,1.68666559893996e-13,2.87162e-06
199,0.457791,0.413298,-0.0444927,0.231721,0.497161482943292,1.015547112916,249.501033405563,0.00952133404073995,1.14672
200,0.366541,0.0404113,-0.32613,4.36836e-05,0.999792006630635,1.00237306238828,681.106535701332,5.73248494992832e-10,0.000166091
201,0.53061,0.00736109,-0.523249,3.8149e-12,0.999999999975286,1.00889790061265,365.157283716417,5.17639627274681e-24,1.45042e-11
202,0.499818,0.49403,-0.00578853,0.203696,0.214906451921344,1.01296234454058,284.293606667791,0.0286335633118509,0.972553
203,1.21042,0.0361273,-1.17429,4.6135e-17,0.999999999999999,0.999664213398335,1071.2593694509,1.57473921771698e-33,1.75404e-16
204,0.316811,0.43929,0.122479,0.789515,0.0933577152690788,1.01248346274456,291.868490486089,0.00505013409681538,14.261
205,0.183988,0.265563,0.0815746,0.746154,0.172224648509973,1.0024572911544,673.511275634012,0.00369850520621925,11.1755
206,0.462419,0.131513,-0.330905,0.00120067,0.996827653790818,1.00473322452219,517.98270554669,2.23101727197988e-07,0.00457041
207,0.374921,0.0128347,-0.362086,1.22872e-05,0.999951014172432,1.00402293496775,558.110421560816,3.15445148218719e-11,4.67163e-05
208,0.250581,0.5021,0.251519,0.972246,0.0039067954252091,1.01248589423372,291.82898223711,0.000273527548284603,133.185
209,0.383006,0.472405,0.0893992,0.656534,0.113008888919949,1.01771856060991,226.388388310946,0.0159445303572573,7.26747
210,0.448103,1.14326,0.69516,0.951299,0.000657086661036704,1.00845118341988,377.022959765257,0.00172277029655307,74.2659
211,0.164773,0.214302,0.0495282,0.643357,0.261833587142166,0.999240008687376,1177.37092679091,0.00476002604329142,6.85849
212,0.487419,0.149974,-0.337444,0.00112962,0.997085165159059,1.01170122776169,305.175453330596,2.33196108340905e-07,0.00429965
213,0.352354,0.220678,-0.131676,0.152887,0.775564633878432,1.00350334271869,591.704209326694,0.00129640342201192,0.686182
214,0.279126,0.354199,0.0750736,0.703104,0.19157921671384,1.00243459861654,675.540647923162,0.00466937229573369,9.00379
215,0.175597,0.312312,0.136715,0.866656,0.0824505884747559,1.0019096660504,726.198733540102,0.00132637585805597,24.7105
216,0.432105,0.00671363,-0.425392,7.49743e-09,0.999999935100257,1.00406191066076,555.745596550409,1.98431016484701e-17,2.85051e-08
217,0.258889,0.141103,-0.117787,0.117959,0.807503024021491,0.999707818548088,1061.43285983231,0.00143580285302223,0.508456
218,0.308073,0.24129,-0.0667822,0.241598,0.652694613392698,1.00589747883693,463.509796202035,0.00335798433780197,1.21116
219,0.333726,0.0723084,-0.261418,0.00180653,0.99479331513215,1.00331926542954,604.610722934876,6.58898621686737e-07,0.00688082
220,0.507048,0.0429585,-0.464089,9.79979e-09,0.999999948029958,1.02897657271676,153.910436005853,2.57232678345101e-17,3.72586e-08
221,0.349882,0.0383892,-0.311493,4.58246e-05,0.999804632704789,1.00294056080763,633.042430845801,5.67230810951155e-10,0.000174232
222,0.312997,0.0079358,-0.305061,1.84406e-06,0.99998793327732,1.00488348447895,510.231991970708,1.17441670611341e-12,7.0111e-06
223,0.29454,0.169721,-0.124819,0.141529,0.785627711595077,0.999571148171313,1092.85713747569,0.00145495046834174,0.6268
224,0.458733,0.157415,-0.301318,0.00506654,0.988621740533825,1.00359772338727,585.300756010189,3.69039561795757e-06,0.019361
225,0.479262,0.117478,-0.361784,0.000156274,0.999491690353067,1.01296342525603,284.276968529849,4.73252153537236e-09,0.000594245
226,0.252304,0.0108281,-0.241476,0.000457916,0.998012428904303,1.00041826173844,923.562380027966,6.56403226709746e-08,0.00174179
227,0.374369,0.012835,-0.361534,1.24346e-05,0.999950437422209,1.00402847107991,557.773279129519,3.23249297068078e-11,4.72767e-05
228,0.34712,0.122299,-0.224821,0.011984,0.973442314354057,1.0020026379576,716.67410637794,2.06736360564177e-05,0.0461157
229,0.45374,0.0537352,-0.400004,4.06427e-06,0.999982730951562,1.00946760679268,351.087043868952,3.54860356803431e-12,1.54523e-05
230,0.384648,0.364433,-0.0202151,0.362602,0.469875965727086,1.00917614329916,358.144254976889,0.00732266024374257,2.16287
231,0.510336,0.0449473,-0.465388,5.1221e-09,0.999999973246224,1.0315956188299,143.442026511411,8.11873564723464e-18,1.94741e-08
232,0.445112,0.153495,-0.291617,0.00713919,0.984637275640681,1.0014279635857,779.950690990441,6.49450451562769e-06,0.0273383
233,0.548502,0.15999,-0.388512,0.000104967,0.999550010822833,1.02715648132897,162.189599883612,3.01533719627192e-09,0.000399124
234,0.52199,0.123384,-0.398606,8.54369e-06,0.999968302585214,1.01105007759788,317.241024716037,1.79756659841399e-11,3.24832e-05
235,0.578707,0.31523,-0.263477,0.0125659,0.920789997555718,1.00943531860874,351.854813241477,6.70538648967396e-05,0.0483834
236,0.364498,0.367745,0.0032471,0.448622,0.393678466238015,1.00873513314737,369.391402079871,0.00788918634176697,3.09344
237,0.349818,0.484891,0.135074,0.803958,0.0492145636873867,1.01506005684094,255.371895719939,0.00880720888016899,15.5918
238,1.07563,0.108341,-0.967286,3.99625e-08,0.999999796859186,1.00068623314932,880.487527822454,7.04741522276542e-16,1.51937e-07
239,0.447725,0.523246,0.0755208,0.516208,0.0174798927679621,1.01316645609944,281.186308710068,0.0565863117373695,4.05673
240,0.391758,0.0345003,-0.357258,4.54973e-07,0.999996964022739,1.00410038289504,553.431157238818,7.5843758947584e-14,1.7298e-06
241,0.491396,1.21073,0.719335,0.98519,1.07222604983768e-13,1.01225679478057,295.600386965799,0.000974598053104788,252.91
242,0.538721,1.16325,0.624532,0.892108,0.0010227795514066,1.01183178112307,302.868619901256,0.0141997037993307,31.4368
243,0.479555,0.0998745,-0.379681,4.98889e-05,0.99983822655216,1.00919528866376,357.671802381375,4.3619981930126e-10,0.000189686
244,0.393732,0.00575409,-0.387978,4.65352e-08,0.999999512094268,1.00388956203139,566.35941199619,8.71688723329672e-16,1.76926e-07
245,0.469128,0.506818,0.0376897,0.378892,0.106159338385543,1.01483212893637,258.21828214093,0.0444816603421425,2.31931
246,0.260673,0.117794,-0.142879,0.134214,0.79835146468245,1.00178715067741,739.147741074112,0.00176896768134457,0.589384
247,0.212143,0.00380747,-0.208336,7.31907e-05,0.9991249087157,0.998121242404398,1595.01071977075,4.49271926668178e-09,0.00027829
248,0.444563,0.0363963,-0.408167,2.84077e-07,0.999998577468549,1.00530005052119,489.925734769807,1.95896575525165e-14,1.08006e-06
249,0.221461,0.126987,-0.0944742,0.160431,0.752793763758168,0.998705508398624,1345.54710279899,0.0021081987851124,0.726512
250,0.622981,0.0163229,-0.606658,0.00453442,0.98647288255941,1.00629089558277,447.639343567285,7.59889481772888e-06,0.0173183
251,0.194653,0.0058414,-0.188812,0.000355436,0.997343298874458,0.998547159850533,1405.06757318899,7.85654596213836e-08,0.00135184
252,0.291549,0.0731763,-0.218373,0.0309333,0.937211731890088,0.999793800995859,1042.57896034156,0.000218490862099933,0.121362
253,0.478092,0.0355779,-0.442514,1.90036e-08,0.999999889715683,1.01484794318074,258.01868284683,9.57483708160625e-17,7.22513e-08
254,0.204462,0.104936,-0.0995253,0.14118,0.769449610875762,1.00060449822835,893.190328813083,0.00226525951502549,0.625003
255,1.2014,0.041498,-1.15991,8.87869e-14,0.999999999998438,0.998427692265838,1453.59972178003,4.6487746407473e-27,3.37566e-13
256,0.394286,0.0344703,-0.359816,1.33931e-06,0.99999101855898,1.00288653546638,637.32064998314,6.49062256820801e-13,5.09206e-06
257,0.281298,0.00519744,-0.2761,4.88521e-06,0.999952124501096,1.00164934136267,754.282385932836,1.19393634580055e-11,1.85736e-05
258,0.346936,0.179896,-0.167041,0.131831,0.81209384022438,0.998793524139962,1314.60498901014,0.00108911146655767,0.577327
259,0.248278,0.0777556,-0.170523,0.0184335,0.956372265828648,1.00158659545143,761.382761271964,6.36501858917251e-05,0.0714001
260,0.360651,0.0467557,-0.313895,0.000148351,0.999603944367525,1.00414076625955,551.022676545097,3.45016034952002e-09,0.00056411
261,0.42168,0.0359024,-0.385777,1.1673e-06,0.999993926108574,1.004027430236,557.836633724646,3.89084182887548e-13,4.43804e-06
262,0.334485,0.364113,0.0296276,0.543755,0.314109298905684,1.00625576954321,449.011273657864,0.00717411438816224,4.53122
263,0.252982,0.0873846,-0.165597,0.0245387,0.942440401557307,1.00132833807982,792.086852577433,0.000128799094876651,0.0956425
264,0.405391,0.140038,-0.265353,0.00924151,0.980127870808122,0.999436241829393,1125.76935650106,1.04080438966745e-05,0.0354638
265,0.470299,0.00604909,-0.46425,1.66488e-10,0.999999998439008,1.00571904673034,471.091322126338,9.95069446896287e-21,6.32986e-10
266,0.492667,0.00697359,-0.485693,8.34866e-10,0.999999993814254,1.0030365437679,625.583280559288,2.22569681528754e-19,3.17414e-09
267,0.220655,0.0536632,-0.166992,0.00854125,0.979147224113105,1.00854682488267,374.416757861234,1.40139975016709e-05,0.0327534
268,0.290249,0.0378891,-0.25236,0.000363343,0.998193536073021,1.00204832638692,712.085414207551,4.68595174595681e-08,0.00138192
269,0.468146,0.00733573,-0.460811,2.02948e-09,0.999999984967994,1.00424192727437,545.081670476146,1.29041429673419e-18,7.71604e-09
270,0.270023,0.00698479,-0.263038,1.12912e-05,0.99992377892044,1.00156763373209,763.555128109826,5.00084016260873e-11,4.29295e-05
271,0.458817,0.00742737,-0.451389,1.03767e-09,0.999999992114676,1.00685200159752,426.825377473955,3.38846840334727e-19,3.9452e-09
272,0.238483,0.00428773,-0.234196,1.07098e-05,0.999887653235653,1.00017399523858,966.704691431568,6.40317897671226e-11,4.07191e-05
273,0.416804,0.0472406,-0.369564,3.04437e-05,0.999892124605055,1.00568972959499,472.361179631174,1.8193093118748e-10,0.00011575
274,0.468342,0.00867314,-0.459669,1.3511e-08,0.999999918408701,1.00344981336004,595.399500248366,4.97104098952923e-17,5.13687e-08
275,0.3407,0.068717,-0.271983,0.00218122,0.993723293117293,1.00206999029215,709.930303141002,1.00000580389678e-06,0.00831107
276,0.249485,0.244334,-0.0051507,0.478263,0.434714992887401,1.00462575544819,523.674414785053,0.00428133138895335,3.48517
277,0.460995,0.551933,0.0909384,0.483821,0.0258767702202338,1.01382107198215,271.675166209897,0.0561829242965753,3.56364
278,0.211461,0.414955,0.203494,0.938043,0.0285208350686732,1.00102002634565,832.18448779864,0.00050698771251907,57.5628
279,0.480161,0.0459689,-0.434192,3.80359e-08,0.999999766086832,1.00829161273873,381.454629908388,3.72326443701043e-16,1.44612e-07
280,0.316073,0.238293,-0.0777795,0.244245,0.659851936683757,1.0055805061085,477.154017284399,0.00297226457341515,1.22873
281,0.260179,0.0587268,-0.201452,0.00604726,0.980602689873213,1.00195681693574,721.336541520256,1.08348778685271e-05,0.0231314
282,0.258204,0.0101537,-0.24805,0.000116483,0.999483048921082,1.00125094757751,801.780833490311,3.9237875299392e-09,0.000442919
283,0.346485,0.179976,-0.166509,0.132612,0.811145238868265,0.998788519135359,1316.32608283074,0.00109853156688984,0.581273
284,0.746088,0.086114,-0.659974,0.0410876,0.937243620001979,0.997319427228792,2140.84694782917,0.000266225563479863,0.162908
285,0.565575,0.177129,-0.388446,0.00035074,0.99884870551852,1.01823252888004,221.549839712993,3.26993530404426e-08,0.00133398
286,0.291696,0.0109632,-0.280733,4.06741e-05,0.999823543868882,1.00328351931285,607.18346112337,4.31444640441295e-10,0.000154649
287,0.142019,0.0432047,-0.0988142,0.0509591,0.824096455115696,0.999302044120535,1160.55067319275,0.00182261877655746,0.204149
288,0.434451,0.141928,-0.292524,0.00472957,0.98906622640555,1.00033947427851,937.04755637631,3.01417128219154e-06,0.0180672
289,0.365666,0.212144,-0.153523,0.0822345,0.860246463103312,1.00417242597447,549.14928847017,0.000666938938458082,0.340668
290,0.398892,0.0424004,-0.356492,1.63821e-05,0.999929844205314,1.00427955506277,542.904864413071,6.90940413007043e-11,6.22855e-05
291,0.442562,0.25878,-0.183782,0.0411967,0.916636723361278,1.00360077971382,585.095738961066,0.000286850617972956,0.163359
292,0.1988,0.266829,0.0680282,0.688072,0.227974970657746,1.0037825992156,573.155740847969,0.00388338253693423,8.38666
293,0.28262,0.0066931,-0.275926,1.15564e-05,0.999914251050592,1.00168020998432,750.838129262824,5.59990692571127e-11,4.39378e-05
294,0.413654,0.359682,-0.053972,0.260514,0.577063599354743,1.00980547544119,343.253686476314,0.0057848030244693,1.3394
295,0.378933,0.120824,-0.258109,0.00708209,0.984258791210385,1.00072661178361,874.345622691604,6.32878636145837e-06,0.027118
296,0.263933,0.313522,0.0495883,0.628198,0.2668892355987,1.00437132372311,537.669160798575,0.00502016068385767,6.42385
297,0.178606,0.00548976,-0.173116,0.000802202,0.993341184260705,0.997572724596078,1931.82972799069,5.71949615155813e-07,0.00305241
298,0.308022,0.0454162,-0.262606,0.000427185,0.998384468146521,1.00384696742452,569.046174382428,4.7836257536922e-08,0.00162484
299,0.518901,0.00757273,-0.511328,5.25968e-11,0.999999999669743,1.00445241036812,533.127390759653,8.14717757580991e-22,1.99972e-10
300,0.195062,0.0058441,-0.189218,0.000351758,0.997369873344788,0.998550465161477,1403.77110124833,7.6867761401166e-08,0.00133785
301,0.276508,0.0529651,-0.223543,0.00381045,0.987661664422812,1.00185807184271,731.595586051892,3.9233268695087e-06,0.0145427
302,0.255221,0.00507017,-0.25015,1.02321e-05,0.999905015154489,1.0007539111934,870.241905128596,5.30929607404809e-11,3.89027e-05
303,0.178472,0.00370541,-0.174767,0.000340575,0.995805711050715,0.997228417570375,2227.48521094506,1.34961872856228e-07,0.0012953
304,0.530982,0.0594938,-0.471488,8.67308e-08,0.99999960540427,1.01392070055043,270.285298420671,1.66781479079316e-15,3.29749e-07
305,0.289268,0.162539,-0.126728,0.0956143,0.838842002757639,1.00103861363813,829.651365387404,0.00088720292190429,0.401956
306,0.182057,0.0861815,-0.0958757,0.118388,0.786314806225234,1.0008881799821,850.610927542313,0.00223043411779929,0.51055
307,0.153363,0.23304,0.0796774,0.751395,0.169017077450444,1.00001347826715,997.338459758109,0.00381909065343055,11.4913
308,0.254922,0.0870217,-0.1679,0.036147,0.925050663275765,1.00093112179124,844.519744324929,0.000221281698856908,0.142584
309,0.326443,0.00801661,-0.318426,2.18554e-06,0.999985530648903,1.00407579758133,554.907917591741,1.6297477147598e-12,8.30941e-06
310,0.429587,0.00901234,-0.420575,1.16947e-07,0.999999292233965,1.0038688954837,567.659788077509,3.84715234228358e-15,4.44629e-07
311,0.33571,0.0123539,-0.323356,3.88346e-05,0.999842214614214,1.00329404491272,606.423607025668,3.44098176789157e-10,0.000147654
312,0.318526,0.0417988,-0.276727,0.00038633,0.99831934253506,1.00161903404451,757.695209111152,4.63873450105903e-08,0.00146939
313,0.493631,0.0953848,-0.398246,1.12887e-05,0.999958974950041,1.01498448515683,256.308451406072,2.49482492954297e-11,4.292e-05
314,0.182295,0.0446273,-0.137668,0.0219563,0.924293652516122,1.00131514498006,793.722661916874,0.000251478628067073,0.0853515
315,0.428939,0.112291,-0.316647,0.000491459,0.998470685495364,1.00434345552091,539.248273753327,4.41853505452115e-08,0.00186944
316,0.463367,0.154185,-0.309183,0.00383791,0.991210984133821,1.00512707089519,498.155362622507,2.20477933755928e-06,0.0146479
317,0.299963,0.0727859,-0.227177,0.0045158,0.987731472892271,1.00245587570255,673.637497529387,4.11198098468132e-06,0.0172469
318,0.528389,0.0390785,-0.48931,2.40263e-08,0.999999892229265,1.03695424172792,126.096212863008,1.42451599419179e-16,9.13476e-08
319,0.270846,0.00488684,-0.265959,9.24984e-07,0.999990857679778,1.0021537091946,701.724474129594,4.09311851169255e-13,3.51677e-06
320,0.673234,0.379474,-0.29376,0.0176627,0.813606445396444,1.0112511742649,313.411657658815,0.00026241512930782,0.0683608
321,0.492384,0.00707616,-0.485308,9.29539e-10,0.999999993216888,1.00306973678431,623.044970836255,2.72808209966221e-19,3.53409e-09
322,0.200397,0.00577172,-0.194625,0.000172654,0.998748261758583,0.999220792848098,1182.68109887993,1.54462548641196e-08,0.00065654
323,0.442208,0.0387107,-0.403498,8.0661e-07,0.999995521084425,1.00501429912026,503.673463951967,1.95323108219164e-13,3.06672e-06
324,0.298934,0.00914096,-0.289793,2.49418e-05,0.999864753950936,1.00230964478896,686.940478946163,1.98326656743561e-10,9.48307e-05
325,0.645783,0.284632,-0.361151,0.0034973,0.976727973312346,1.00803081181338,388.931158650622,4.05617891284093e-06,0.0133433
326,0.497213,0.112565,-0.384649,3.49976e-05,0.999884386517205,1.00688168608371,425.778940641662,2.41888074346925e-10,0.000133065
327,0.43079,0.0420941,-0.388696,2.1943e-05,0.99992871669968,1.00455797014598,527.330158360136,7.99024947491547e-11,8.34287e-05
328,0.270825,0.350107,0.0792811,0.717169,0.183108698951661,1.00202755209936,714.164484499348,0.00438867584739155,9.64062
329,0.499452,0.0799235,-0.419528,1.94238e-06,0.999992356262515,1.00960447329429,347.870207890117,7.52212678363258e-13,7.38491e-06
330,0.348204,0.0658805,-0.282323,0.000970298,0.99771951455433,0.998640376803114,1369.40420104167,1.33167557738873e-07,0.00369264
331,0.408387,0.00773922,-0.400648,2.50974e-07,0.999998162875646,1.00354210040748,589.057514972182,2.06327952513171e-14,9.542e-07
332,0.336299,0.153764,-0.182535,0.039615,0.929761085842464,0.999684962954233,1066.56066385351,0.000157244560822422,0.156828
333,0.284888,0.0368975,-0.24799,0.000287302,0.998370089968984,1.00194470885789,722.578835624968,3.34614855451769e-08,0.00109263
334,0.344011,0.0369501,-0.307061,4.09172e-05,0.999794510271507,1.00211831189417,705.170480492938,5.21856809728312e-10,0.000155573
335,1.17858,0.0342893,-1.14429,3.9204e-15,0.999999999999961,1.0003401889427,936.923451093674,9.76892099475878e-30,1.49053e-14
336,0.618691,0.00309774,-0.615594,0.000536423,0.992106618630557,1.00746760462643,406.143017584955,4.66352877031821e-07,0.00204057
337,0.687121,0.010984,-0.676137,3.68848e-11,0.999999999764822,1.01051302430198,327.954073740763,4.4698683104085e-22,1.40235e-10
338,0.43829,0.00748353,-0.430806,3.20687e-08,0.999999759435771,1.00332422464187,604.255538681109,3.32248955095158e-16,1.21925e-07
339,0.409126,0.242043,-0.167083,0.075577,0.869313587670907,1.00559923146713,476.325321897768,0.000631544372108161,0.310834
340,0.305182,0.0565212,-0.248661,0.00162076,0.994853138389118,1.00285158017903,640.120048907398,6.0231395460087e-07,0.0061721
341,0.411727,0.144833,-0.266894,0.0070694,0.983877769554427,0.998934293774458,1267.98578290875,6.85596028815663e-06,0.0270691
342,0.347412,0.254675,-0.0927376,0.206847,0.700971900277207,1.00620053857914,451.185832281432,0.00253422769325353,0.991521
343,0.449374,0.12412,-0.325254,0.00370662,0.992283890259922,1.0010452232378,828.75433944729,1.364132111778e-06,0.0141449
344,0.37303,0.0732004,-0.299829,0.000523769,0.998381292486536,1.00599662516124,459.403318311908,5.4004858189212e-08,0.0019924
345,0.222571,0.0809798,-0.141591,0.044163,0.904505034085226,1.0013456976043,789.94479201715,0.000391609852087086,0.175665
346,1.00783,0.785652,-0.222176,0.207292,0.75293432932795,1.00077951894763,866.427644033192,0.000308630276781264,0.99421
347,1.00783,0.785652,-0.222176,0.207292,0.75293432932795,1.00077951894763,866.427644033192,0.000308630276781264,0.99421
348,1.00783,0.785652,-0.222176,0.207292,0.75293432932795,1.00077951894763,866.427644033192,0.000308630276781264,0.99421
349,1.21073,0.0558686,-1.15486,1.68227e-15,0.999999999999893,1.00169512707648,749.185072313929,1.3379132250114e-30,6.39597e-15
350,0.255612,0.0528399,-0.202772,0.0103617,0.972360048187002,1.0020503321239,711.885329452121,2.32523364415901e-05,0.0398076
351,1.21253,0.0133246,-1.19921,1.4844e-15,0.999999999999987,1.00278861790201,645.225682012618,1.17116661958652e-30,5.64366e-15
352,1.21078,0.0134874,-1.19729,4.92512e-20,1.0,1.00847758896369,376.299723313926,1.5990667364093e-39,1.87252e-19
353,0.480019,0.0374729,-0.442546,1.28288e-07,0.999999396347134,1.01529831157198,252.464844823259,3.69761086708547e-15,4.8775e-07
354,0.393211,0.0419519,-0.35126,0.000110901,0.999643302661474,1.00318246277159,614.578173256354,2.27456556517558e-09,0.000421691
355,0.256126,0.0392549,-0.216871,0.0499909,0.900190361976572,1.00706931309135,419.283688975981,0.00117981341849474,0.200066
356,0.341779,0.209448,-0.13233,0.16332,0.766804795383069,1.00210027900693,706.939209830434,0.00135770341699883,0.742145
357,0.232447,0.00899061,-0.223456,0.000773141,0.995875580193194,0.998797815970018,1313.13273868289,2.98737507108372e-07,0.00294174
358,0.514002,0.00901288,-0.504989,1.91287e-09,0.999999989774151,1.00290522909541,635.833712166116,8.95525750391309e-19,7.27268e-09
359,0.66471,0.0644584,-0.600251,0.0319743,0.950971437696124,1.00188569695951,728.695905526897,7.82084024705154e-05,0.125581
360,0.473477,0.0406537,-0.432823,8.28429e-07,0.99999688739674,1.0100664612109,337.443148570866,1.21851792342956e-13,3.14967e-06
361,0.482252,0.0106431,-0.471609,5.38524e-08,0.999999749676793,1.00268792146921,653.564735587158,6.24313690581731e-16,2.04746e-07
362,0.617298,0.00639332,-0.610905,0.00124781,0.99107459677336,1.00754190322275,403.783992400845,1.75012364035998e-06,0.00475008
363,0.490971,0.552328,0.061357,0.340473,0.0304489775743636,1.01351728216824,276.005459466971,0.059112628889973,1.96272
364,0.3081,0.0523556,-0.255744,0.00477864,0.987289077310906,1.00141684417138,781.286587174522,4.37980285804229e-06,0.0182555
365,0.245496,0.00877486,-0.236721,0.000280353,0.998500373138889,0.999983823144283,1003.21338794307,3.11371438716909e-08,0.00106619
366,0.635909,0.0240192,-0.61189,0.0085174,0.981252964974048,1.00489268116044,509.765245377026,1.26523080115554e-05,0.0326612
367,0.517346,0.015476,-0.50187,4.70402e-07,0.999998529352255,1.00084218262738,857.234647727581,3.2018080729068e-14,1.78846e-06
368,0.571384,0.12955,-0.441834,0.000103402,0.999704567818634,1.00680674028558,428.431045900222,1.88010060013914e-09,0.000393172
369,0.314125,0.098658,-0.215467,0.0465937,0.925830910234657,0.998229544008154,1541.98066964199,0.000159727077492508,0.185806
370,0.897482,0.0774928,-0.819989,3.32087e-07,0.999998533203184,0.998926438998674,1270.49930178722,2.64059187821539e-14,1.26259e-06
371,0.508646,0.12216,-0.386485,0.000630443,0.998530056814378,1.00391672421732,564.659473506166,4.82529874992482e-08,0.00239844
372,0.572159,0.278238,-0.293921,0.0500689,0.873941451677944,1.01490902462325,257.250720206209,0.000339759875375908,0.200394
373,0.454633,0.0127169,-0.441916,1.26085e-06,0.99999503817724,1.00266493999743,655.498577524679,2.96908563802258e-13,4.79373e-06
374,0.296304,0.12308,-0.173223,0.0682447,0.890310007200877,0.997942197308035,1691.20622263276,0.000324374222404784,0.278469
375,1.07013,0.0415047,-1.02863,2.39645e-09,0.99999998819697,0.998230100122675,1541.7175086354,1.78172366706886e-18,9.11126e-09
376,0.416086,0.0118257,-0.404261,1.99609e-06,0.999991242000286,1.00375581211421,574.883733833591,8.65122332816417e-13,7.58911e-06
377,0.409867,0.305814,-0.104053,0.187426,0.705117427970075,1.00863076104535,372.15962862594,0.00238512553460271,0.876951
378,0.423531,0.0120012,-0.41153,1.83479e-06,0.99999211459172,1.00356380685816,587.585670156429,7.10033528283089e-13,6.97585e-06
379,0.954398,0.0198118,-0.934586,1.25295e-07,0.999999595666919,1.00272852589522,650.176025635008,2.65175857048074e-15,4.76368e-07
380,0.353396,0.0125322,-0.340864,2.83096e-05,0.999885172564399,1.00342597673689,597.06009989484,1.7759505016561e-10,0.000107636
381,0.442993,0.0422209,-0.400773,1.51777e-05,0.999950514696306,1.00529421659109,490.198786896579,3.74131466529873e-11,5.77063e-05
382,0.448441,0.0529065,-0.395534,5.58989e-05,0.999830102370444,1.00726464275935,412.732715534758,4.84639202269405e-10,0.000212538
383,0.3708,0.140766,-0.230034,0.0344854,0.941263537397101,0.998202534419182,1554.87156206931,8.65782348002236e-05,0.135796
384,0.415986,0.0580194,-0.357967,0.000520943,0.998668961711477,1.00469704186407,519.884919256523,3.62670027691336e-08,0.00198165
385,0.241365,0.00878465,-0.23258,0.000603836,0.996658290552334,0.99889665663382,1280.12137928258,1.85858343046138e-07,0.00229716
386,0.551586,0.0134184,-0.538167,3.50086e-08,0.99999987457424,1.00307332909532,622.771512266921,2.23076902500694e-16,1.33102e-07
387,0.223768,0.0178103,-0.205957,0.00870317,0.974955658166452,0.998809165982741,1309.25521618928,2.09837412617109e-05,0.0333798
388,0.268504,0.128377,-0.140127,0.109054,0.831276325989751,0.998219702926672,1546.65258411101,0.000851265316192969,0.465374
389,0.396546,0.105574,-0.290972,0.00779331,0.984748788583206,1.00282958671286,641.894189535494,5.69320322211913e-06,0.0298627
390,0.633227,0.171751,-0.461476,0.00099386,0.996261895636381,1.02144598532152,195.560398552483,1.66951597792928e-07,0.00378239
391,0.544364,0.147889,-0.396475,0.00130564,0.996962964495587,1.01117645343166,314.823415110213,2.32507498318352e-07,0.00497053
392,0.292957,0.0573809,-0.235576,0.0176799,0.964579381318449,1.00078322099519,865.8790146512,3.46893321576977e-05,0.0684283
393,0.337894,0.0462438,-0.29165,0.00108477,0.997067300164513,1.00202723624167,714.196189928866,1.88303755363122e-07,0.00412875
394,0.401715,0.125082,-0.276632,0.0149446,0.972512123002618,1.00080886334293,862.098071685867,1.86164232088088e-05,0.0576812
395,0.509226,0.115642,-0.393584,7.65055e-05,0.999781156645075,1.00489937254943,509.426190830369,1.0217291138627e-09,0.000290895
396,0.564121,0.0130956,-0.551025,2.55652e-08,0.999999906483676,1.00311396102251,619.69530834509,1.19997662891433e-16,9.71986e-08
397,0.411397,0.0987396,-0.312658,0.00596578,0.988920041646631,0.998909616413148,1275.91637899472,3.15631966134214e-06,0.0228179
398,0.473651,0.0428186,-0.430832,7.44852e-06,0.999975792170638,1.0095280569336,349.658789406141,8.65318133724288e-12,2.83193e-05
399,1.14897,0.185738,-0.963234,1.05422e-05,0.99987847526374,1.01057160660636,326.749603070793,4.76241100626888e-11,4.00816e-05
400,0.437181,0.0637435,-0.373437,0.000629348,0.998698826025965,1.00078710686243,865.303897330087,3.76921003804813e-08,0.00239427
401,0.498941,0.117365,-0.381576,0.000573076,0.99865545093722,1.00186665441755,730.692219172771,4.10130588825923e-08,0.00218008
402,0.49215,0.193583,-0.298568,0.00926349,0.979260375254344,1.01213707558349,297.611276975162,1.22166050581769e-05,0.0355489
403,0.128229,0.0908773,-0.0373514,0.382863,0.511561646471174,0.998921539784693,1272.07212690865,0.00694098935989769,2.35869
404,0.424325,0.0149917,-0.409333,4.84555e-06,0.999983755431788,1.00406916292136,555.30781019519,3.65819451092825e-12,1.84228e-05
405,0.893011,0.0573882,-0.835623,4.88211e-07,0.999998332928591,0.998942033581775,1265.51882059154,4.27485194551155e-14,1.85617e-06
406,0.457708,0.107213,-0.350495,0.00119262,0.997304631404264,1.00344964499731,595.411196581667,1.53482974566672e-07,0.00453972
407,0.489778,0.013575,-0.476203,1.01801e-06,0.999996342588457,1.00189179807588,728.058627882073,1.70579541371324e-13,3.87046e-06
408,0.444023,0.046463,-0.39756,5.79836e-05,0.999840326788506,1.00504499764942,502.15907815996,4.30808591463564e-10,0.000220465
409,0.355898,0.0129621,-0.342936,5.45265e-05,0.999785407380806,1.00303069486789,626.032724040953,6.50804458109625e-10,0.00020732
410,0.499057,0.0610677,-0.43799,6.46852e-05,0.999842532232192,1.00734129129944,410.218670477376,4.84555878013381e-10,0.000245948
411,0.427518,0.0453857,-0.382132,7.40196e-05,0.999791499934613,1.00428392288909,542.653322677885,7.52479360321532e-10,0.000281442
412,0.335594,0.0121159,-0.323478,0.000119409,0.999492454099569,1.00240167234067,678.507303101195,3.7440017560498e-09,0.000454045
413,0.596268,0.0446917,-0.551576,2.39691e-06,0.999992476963065,1.01657479049531,237.982925117684,8.23411848694566e-13,9.11303e-06
414,0.283556,0.0113785,-0.272177,0.000544337,0.997580228024327,1.00018365568536,964.921429198067,1.07012592879518e-07,0.00207069
415,0.420742,0.0645115,-0.356231,0.000686417,0.998391319576063,1.00539111477569,485.703248295336,5.09266709775724e-08,0.00261154
416,0.334841,0.349033,0.0141925,0.490972,0.376378982542053,1.00870697103741,370.134187052761,0.00480041891356413,3.66712
417,0.388068,0.0425201,-0.345548,0.000319727,0.999007578239577,1.00308495793522,621.88795061057,1.89181484560191e-08,0.00121598
418,0.923942,0.132505,-0.791437,1.704e-05,0.999923621946051,1.00449102737519,530.991646017131,6.17205226760109e-11,6.47869e-05
419,0.532776,0.0124498,-0.520326,2.06409e-07,0.999999201145981,1.0016968879892,748.99041955181,7.48164066588969e-15,7.84762e-07
420,0.556046,0.0418046,-0.514241,4.51464e-08,0.999999818188954,1.03776609904124,123.847440974591,5.03654106581059e-16,1.71646e-07
421,0.42195,0.0417127,-0.380238,5.0016e-05,0.999836597273693,1.00412165273536,552.159960591099,4.50180992892901e-10,0.000190169
422,0.504397,0.197413,-0.306984,0.0136642,0.970573653062955,1.0121518740023,297.361192546443,2.17087944234685e-05,0.0526708
423,0.469676,0.0216713,-0.448005,1.37394e-05,0.999966647672311,1.00035673390938,934.059564326931,2.06372488748942e-11,5.22376e-05
424,0.484129,0.119048,-0.365081,0.0010462,0.997625180076001,1.0051993328629,494.683540217799,1.23075774443684e-07,0.00398181
425,0.493619,0.210924,-0.282695,0.0185567,0.958561899700758,1.01240351140334,293.173731883801,4.073075475258e-05,0.0718861
426,0.335542,0.0440864,-0.291456,0.000771026,0.997712055647224,1.0020775133466,709.184995474073,1.09410692899259e-07,0.00293369
427,0.463176,0.109402,-0.353774,0.0022299,0.995354517507168,1.00638722526943,443.920348068443,4.60973626990091e-07,0.00849699
428,0.310464,0.0159014,-0.294563,0.000528332,0.998360418193928,1.00201357382044,715.570336386556,5.06670929223898e-08,0.00200977
429,0.385351,0.0599579,-0.325394,0.00096531,0.997633527902841,1.00393445847382,563.555149172745,1.18994845371182e-07,0.00367364
430,0.409521,0.0810025,-0.328519,0.00141901,0.996717679054367,1.00588776469701,463.916158206243,2.26500898408882e-07,0.00540272
431,0.422334,0.0121236,-0.41021,3.21937e-06,0.999986315279511,1.00322909472563,611.143392803577,2.18222051740585e-12,1.224e-05
432,0.571604,0.093039,-0.478565,2.81005e-05,0.999918379680555,1.00148262395647,773.450253332869,1.18983189749928e-10,0.000106841
433,0.384123,0.013693,-0.37043,3.9559e-05,0.999852141483063,1.00312749458597,618.677513422336,3.10346980510589e-10,0.000150408
434,0.207825,0.207331,-0.000494372,0.515765,0.417523627380016,1.00149062017776,772.508471790403,0.00314339463825522,4.04953
435,0.356829,0.0118783,-0.344951,3.68677e-05,0.99983958492624,1.00304242660037,625.131888028788,3.31992558942751e-10,0.000140176
436,0.432739,0.0661708,-0.366568,0.000393155,0.999063757990158,1.0047753037055,515.788185418066,1.63437943781478e-08,0.00149536
437,0.71145,0.0714068,-0.640043,0.0393769,0.942235965121346,1.00127846759409,798.306332811564,9.05308307973639e-05,0.155847
438,0.425033,0.0192601,-0.405773,3.18704e-05,0.999917011582699,1.00281313984428,643.227421372411,1.1059076809824e-10,0.000121175
439,0.202129,0.0545665,-0.147563,0.0565033,0.876773302610176,1.00013553983007,973.869682671336,0.000667827483370566,0.227689
440,0.993271,0.0140077,-0.979263,1.09539e-09,0.999999995592625,1.00153079717275,767.811330576209,2.76778739745395e-19,4.16465e-09
441,1.18588,0.0155171,-1.17036,4.02025e-12,0.999999999967338,1.00283893932263,641.138530577809,6.72375269235006e-24,1.52849e-11
442,0.197906,0.0850984,-0.112807,0.109087,0.81425897087758,1.00081008902784,861.91817940937,0.00129259647433874,0.465529
443,0.39123,0.145267,-0.245963,0.0315059,0.946742144415168,0.998043687838509,1635.29475200947,6.9101710587811e-05,0.123682
444,0.204024,0.156386,-0.0476378,0.320956,0.5816773006419,0.998492182194755,1426.99056627345,0.0036040771371875,1.79704
445,0.221801,0.0643711,-0.15743,0.0458361,0.907524420425927,1.00151309105368,769.874246228244,0.000316792337617247,0.182639
446,0.475446,0.0844964,-0.39095,0.00015405,0.999603913154462,1.00595475248149,461.12855878496,2.87601843790398e-09,0.000585787
447,0.509886,0.166125,-0.343761,0.00421365,0.983392596492915,1.01679977900343,235.606108338522,4.69805458779144e-06,0.016088
448,0.444844,0.0435396,-0.401304,1.58378e-05,0.999950898410155,1.00485033279668,511.921718289279,3.68833223498891e-11,6.02159e-05
449,0.545003,0.0127559,-0.532247,8.03172e-08,0.999999700842211,1.00135957628453,788.240642146053,1.08943251365457e-15,3.05364e-07
450,0.339798,0.0197976,-0.320001,0.00073681,0.998129994202739,1.00216778143499,700.363948649072,6.78846013926457e-08,0.0028034
451,0.576804,0.0442213,-0.532583,1.3758e-06,0.99999551837823,1.01917121308805,213.243847405666,2.90762802557386e-13,5.23078e-06
452,0.323255,0.014092,-0.309163,0.000150944,0.999471718453955,1.00264138315698,657.492888417765,4.56302020792134e-09,0.000573975
453,0.293072,0.0638926,-0.22918,0.0138558,0.97073036635437,1.00051403558424,907.68760560689,2.45073796971338e-05,0.0534198
454,0.525631,0.102944,-0.422687,0.000155308,0.999602862734019,1.00814365375622,385.659872051114,3.04621370373862e-09,0.000590568
455,0.402827,0.0653207,-0.337506,0.00178681,0.996560094589399,1.00142748078467,780.008599327041,2.7482560089849e-07,0.00680557
456,0.30953,0.0889656,-0.220564,0.0225483,0.957875303998299,0.999434765438309,1126.14058757261,4.90920699454974e-05,0.0877058
457,0.474818,0.0807649,-0.394053,0.000235114,0.999414741442897,1.01182435254691,302.998920365787,6.50461021662312e-09,0.000894109
458,0.270132,0.122556,-0.147576,0.120643,0.82660930293763,0.997128345156591,2331.2536696799,0.000710898217871578,0.521613
459,0.419955,0.0425536,-0.377401,9.85915e-05,0.999692625204813,1.00404524497175,556.754285815276,1.68550893687363e-09,0.00037488
460,1.21197,0.0450328,-1.16694,0.0124303,0.976174133157101,1.00514970164823,497.062758953628,4.08939814579832e-05,0.0478548
461,0.187011,0.109571,-0.07744,0.23155,0.670840220158071,1.00044925847686,918.36365205648,0.00347618901923562,1.14562
462,0.458303,0.0138537,-0.444449,3.23219e-06,0.999988408816488,1.00238156638474,680.331841297712,1.76348373451569e-12,1.22888e-05
463,0.511609,0.135693,-0.375917,0.00135978,0.994729066162587,1.01335422249435,278.3888356119,4.2428083675163e-07,0.00517691
464,0.404344,0.0477699,-0.356574,0.000385718,0.99901683379698,1.00317086107772,615.438802974244,1.90240866197122e-08,0.00146706
465,0.232365,0.011394,-0.220971,0.00269382,0.988151204921258,0.99811965086071,1595.81736336709,3.78365137516566e-06,0.0102695
466,0.350146,0.263968,-0.0861781,0.258604,0.65004148264321,1.00606866918953,456.465472379781,0.00244494161313039,1.32616
467,0.375783,0.0465839,-0.3292,0.000582841,0.998462664978376,1.00251639947618,668.282706364239,4.87752792179668e-08,0.00221724
468,0.593057,0.29705,-0.296007,0.02556,0.899940028715344,1.0132054555298,280.600523209816,0.000167977263788191,0.0997275
469,0.498547,0.135052,-0.363495,0.00149943,0.996619067202375,1.00418778388695,548.245164931804,2.782676672343e-07,0.00570935
470,0.463255,0.0873746,-0.375881,0.00199849,0.99614030691294,1.00167051785841,751.916129808035,2.86188037102808e-07,0.00761343
471,0.464184,0.0261663,-0.438017,3.46288e-05,0.999920015990012,1.00158937482241,761.065388692291,1.44244821403817e-10,0.000131662
472,0.612391,0.0610251,-0.551365,6.69308e-07,0.999997603015654,1.01188980195082,301.854850344811,8.74219739264548e-14,2.5447e-06
473,0.290055,0.0120288,-0.278026,0.000569542,0.997598364108873,1.00043554510649,920.656342184048,1.08016803938273e-07,0.00216662
474,0.133589,0.0124766,-0.121112,0.0519691,0.826079974423796,1.00543552830711,483.670576469746,0.00162141544548695,0.208417
475,0.233963,0.0476086,-0.186354,0.0167381,0.954750343659583,1.0018263790069,734.951090427166,6.89657712902545e-05,0.0647211
476,0.16121,0.0117608,-0.149449,0.00886849,0.962749072750523,0.997671706972015,1860.87036692139,4.69330914998334e-05,0.0340195
477,0.402294,0.012683,-0.389611,1.06733e-05,0.99995665375811,1.00326339840422,608.641389621443,2.36762458015197e-11,4.05801e-05
478,0.672514,0.0795178,-0.592996,0.0391996,0.940456770707499,0.997348900269057,2114.22106265136,0.000175971588985009,0.155117
479,0.437495,0.0123552,-0.425139,1.03414e-06,0.999995734482024,1.00360011379727,585.140395954414,2.11054391807595e-13,3.93179e-06
480,0.265314,0.0122071,-0.253106,0.000935613,0.996213824680877,0.999982173064157,1003.54233150554,2.89546588221941e-07,0.00356051
481,0.514136,0.0116301,-0.502506,3.50433e-08,0.999999856438143,1.00177068631747,740.923561461335,2.32996643459532e-16,1.33234e-07
482,0.53338,0.0136526,-0.519728,2.34704e-07,0.999999178234018,1.00118958413984,809.639216348181,8.6364795903835e-15,8.92342e-07
483,0.395746,0.0662783,-0.329467,0.00182522,0.995978325180182,1.00364085713851,582.420763529073,3.46796796778426e-07,0.00695215
484,0.349902,0.137679,-0.212224,0.0615805,0.903995717832758,0.998358738137162,1483.17701459291,0.000233222624976707,0.249492
485,0.483413,0.0407515,-0.442662,0.000118672,0.999602543623004,1.0066253825407,434.990090885527,2.87331312978945e-09,0.000451243
486,0.904552,0.0176392,-0.886913,4.25414e-08,0.999999855876384,1.00332811938101,603.976889286861,3.24966150360533e-16,1.61742e-07
487,0.254596,0.0118677,-0.242728,0.00105456,0.995654899545187,0.999716389055192,1059.52278804896,3.85825482361664e-07,0.00401366
488,0.395,0.0862425,-0.308758,0.00546656,0.988978574092527,1.0033794773245,600.32667399537,2.89005643568301e-06,0.020898
489,0.210982,0.0118331,-0.199149,0.00412632,0.982747342000167,0.9979614043507,1680.33223786443,8.72098150422789e-06,0.0157532
490,0.310789,0.100433,-0.210356,0.0348188,0.937594451948338,0.999303232525138,1160.23317021786,0.000119474682186919,0.137156
491,0.133589,0.0124766,-0.121112,0.0519691,0.826079974423796,1.00543552830711,483.670576469746,0.00162141544548695,0.208417
492,0.480279,0.281532,-0.198747,0.0555851,0.874899701566984,1.01070475712446,324.045384086582,0.000407574982277515,0.223772
493,0.427597,0.0147345,-0.412862,8.50664e-06,0.999971062635923,1.00304955475664,624.58582391124,1.16765172100084e-11,3.23423e-05
494,0.230339,0.166611,-0.0637285,0.378332,0.555691807861559,1.00228999077616,688.769068416728,0.00314058181636823,2.31379
495,0.589351,0.137557,-0.451794,0.0002353,0.999331297909846,1.00943094093771,351.959172608133,8.94062503028145e-09,0.000894818
496,0.334674,0.0825211,-0.252152,0.0176206,0.968831865331396,0.999223660285501,1181.88564319156,2.2727686093214e-05,0.0681949
497,0.418524,0.0159457,-0.402579,1.1319e-05,0.999964504814928,1.00370356015498,578.284990485847,1.85203112266187e-11,4.3035e-05
498,0.482007,0.043116,-0.438891,6.88891e-06,0.999977791547549,1.01063277207415,325.501647717383,7.28604825506085e-12,2.61917e-05
499,0.282827,0.0463017,-0.236526,0.00820201,0.977640841978988,1.00166732257689,752.27220862695,1.47139442425705e-05,0.0314418
500,0.478969,0.0585386,-0.42043,2.68696e-05,0.999922149543054,1.0079306403635,391.882922051251,9.46193924579964e-11,0.00010216
501,0.449217,0.0154135,-0.433803,3.31314e-06,0.999989359943949,1.00277174604105,646.607858736654,1.57389690061064e-12,1.25965e-05
502,0.317658,0.0166258,-0.301033,0.00054854,0.998365362122318,1.00212170788004,704.838390692299,5.07889355840756e-08,0.00208668
503,0.955528,0.350437,-0.605092,0.0169969,0.906576872874956,1.01612453201392,242.891504490923,0.00013938506956543,0.0657392
504,0.523814,0.110465,-0.413349,0.000330196,0.999212056430994,1.00417314647973,549.106804581872,1.29323323754004e-08,0.00125581
505,0.403881,0.514332,0.110451,0.646664,0.0328354004181709,1.01423987173643,265.929568712556,0.0330116275916579,6.95826
506,1.19877,0.193793,-1.00498,1.99828e-06,0.999967915853034,1.0107528600785,323.079670202738,2.18417119494848e-12,7.59743e-06
507,0.352123,0.0171571,-0.334966,0.000204106,0.999408740436574,1.00284657388011,640.523017688239,6.15728451576035e-09,0.000776165
508,0.439446,0.0426904,-0.396756,2.70242e-05,0.999914544280878,1.00516023224886,496.55600315572,1.17723745582109e-10,0.000102748
509,0.935906,0.124054,-0.811852,1.57136e-05,0.999948145557144,1.000558584387,900.48950805897,5.10566931561633e-11,5.97436e-05
510,0.495738,0.0131701,-0.482568,7.73153e-07,0.999997136396642,1.00190271025925,726.921625881539,1.02055364567792e-13,2.93952e-06
511,0.406493,0.0440314,-0.362461,0.000130522,0.99961837475824,1.00355674568147,588.063647610145,2.66965967061904e-09,0.000496308
512,0.518428,0.0256384,-0.49279,7.46514e-06,0.999978655434389,1.00831795690713,380.715675152167,7.59785318443329e-12,2.83825e-05
513,0.258302,0.0839658,-0.174336,0.0555822,0.901929986845805,1.00003757383637,992.615732723695,0.000324491393244854,0.22376
514,0.47466,0.044343,-0.430317,1.09979e-05,0.999966335056242,1.00914391262509,358.94250204718,1.72814294877015e-11,4.18144e-05
515,0.530744,0.0148628,-0.515881,3.33285e-08,0.999999880274621,1.00754142504043,403.79908569664,2.38618680428999e-16,1.26714e-07
516,1.19259,0.0622129,-1.13038,1.54744e-08,0.999999900354066,1.0007174689801,875.728733328729,6.86963913987567e-17,5.88335e-08
517,0.434992,0.160682,-0.27431,0.0293681,0.950504906536323,0.999776282047832,1046.36552773157,5.73367767850799e-05,0.115035
518,1.00783,0.785652,-0.222176,0.207292,0.75293432932795,1.00077951894763,866.427644033192,0.000308630276781264,0.99421
519,1.00783,0.785652,-0.222176,0.207292,0.75293432932795,1.00077951894763,866.427644033192,0.000308630276781264,0.99421
520,1.00783,0.785652,-0.222176,0.207292,0.75293432932795,1.00077951894763,866.427644033192,0.000308630276781264,0.99421
521,1.00783,0.785652,-0.222176,0.207292,0.75293432932795,1.00077951894763,866.427644033192,0.000308630276781264,0.99421
522,1.00783,0.785652,-0.222176,0.207292,0.75293432932795,1.00077951894763,866.427644033192,0.000308630276781264,0.99421
523,1.00783,0.785652,-0.222176,0.207292,0.75293432932795,1.00077951894763,866.427644033192,0.000308630276781264,0.99421
524,1.00783,0.785652,-0.222176,0.207292,0.75293432932795,1.00077951894763,866.427644033192,0.000308630276781264,0.99421
525,1.00783,0.785652,-0.222176,0.207292,0.75293432932795,1.00077951894763,866.427644033192,0.000308630276781264,0.99421
526,1.00783,0.785652,-0.222176,0.207292,0.75293432932795,1.00077951894763,866.427644033192,0.000308630276781264,0.99421
527,1.00783,0.785652,-0.222176,0.207292,0.75293432932795,1.00077951894763,866.427644033192,0.000308630276781264,0.99421
528,1.00783,0.785652,-0.222176,0.207292,0.75293432932795,1.00077951894763,866.427644033192,0.000308630276781264,0.99421
529,1.00783,0.785652,-0.222176,0.207292,0.75293432932795,1.00077951894763,866.427644033192,0.000308630276781264,0.99421
530,1.00783,0.785652,-0.222176,0.207292,0.75293432932795,1.00077951894763,866.427644033192,0.000308630276781264,0.99421
531,1.00783,0.785652,-0.222176,0.207292,0.75293432932795,1.00077951894763,866.427644033192,0.000308630276781264,0.99421
532,1.00783,0.785652,-0.222176,0.207292,0.75293432932795,1.00077951894763,866.427644033192,0.000308630276781264,0.99421
533,1.00783,0.785652,-0.222176,0.207292,0.75293432932795,1.00077951894763,866.427644033192,0.000308630276781264,0.99421
534,1.00783,0.785652,-0.222176,0.207292,0.75293432932795,1.00077951894763,866.427644033192,0.000308630276781264,0.99421
535,1.00783,0.785652,-0.222176,0.207292,0.75293432932795,1.00077951894763,866.427644033192,0.000308630276781264,0.99421
536,1.00783,0.785652,-0.222176,0.207292,0.75293432932795,1.00077951894763,866.427644033192,0.000308630276781264,0.99421
537,1.00783,0.785652,-0.222176,0.207292,0.75293432932795,1.00077951894763,866.427644033192,0.000308630276781264,0.99421
538,1.00783,0.785652,-0.222176,0.207292,0.75293432932795,1.00077951894763,866.427644033192,0.000308630276781264,0.99421
539,1.00783,0.785652,-0.222176,0.207292,0.75293432932795,1.00077951894763,866.427644033192,0.000308630276781264,0.99421
540,1.00783,0.785652,-0.222176,0.207292,0.75293432932795,1.00077951894763,866.427644033192,0.000308630276781264,0.99421
541,1.00783,0.785652,-0.222176,0.207292,0.75293432932795,1.00077951894763,866.427644033192,0.000308630276781264,0.99421
542,1.00783,0.785652,-0.222176,0.207292,0.75293432932795,1.00077951894763,866.427644033192,0.000308630276781264,0.99421
543,1.00783,0.785652,-0.222176,0.207292,0.75293432932795,1.00077951894763,866.427644033192,0.000308630276781264,0.99421
544,1.00783,0.785652,-0.222176,0.207292,0.75293432932795,1.00077951894763,866.427644033192,0.000308630276781264,0.99421
545,1.00783,0.785652,-0.222176,0.207292,0.75293432932795,1.00077951894763,866.427644033192,0.000308630276781264,0.99421
546,1.00783,0.785652,-0.222176,0.207292,0.75293432932795,1.00077951894763,866.427644033192,0.000308630276781264,0.99421
547,1.00783,0.785652,-0.222176,0.207292,0.75293432932795,1.00077951894763,866.427644033192,0.000308630276781264,0.99421
548,1.00783,0.785652,-0.222176,0.207292,0.75293432932795,1.00077951894763,866.427644033192,0.000308630276781264,0.99421
549,1.00783,0.785652,-0.222176,0.207292,0.75293432932795,1.00077951894763,866.427644033192,0.000308630276781264,0.99421
550,1.00783,0.785652,-0.222176,0.207292,0.75293432932795,1.00077951894763,866.427644033192,0.000308630276781264,0.99421
551,1.00783,0.785652,-0.222176,0.207292,0.75293432932795,1.00077951894763,866.427644033192,0.000308630276781264,0.99421
552,1.00783,0.785652,-0.222176,0.207292,0.75293432932795,1.00077951894763,866.427644033192,0.000308630276781264,0.99421
553,1.00783,0.785652,-0.222176,0.207292,0.75293432932795,1.00077951894763,866.427644033192,0.000308630276781264,0.99421
554,1.00783,0.785652,-0.222176,0.207292,0.75293432932795,1.00077951894763,866.427644033192,0.000308630276781264,0.99421
555,1.00783,0.785652,-0.222176,0.207292,0.75293432932795,1.00077951894763,866.427644033192,0.000308630276781264,0.99421
556,1.00783,0.785652,-0.222176,0.207292,0.75293432932795,1.00077951894763,866.427644033192,0.000308630276781264,0.99421
557,1.00783,0.785652,-0.222176,0.207292,0.75293432932795,1.00077951894763,866.427644033192,0.000308630276781264,0.99421
558,1.00783,0.785652,-0.222176,0.207292,0.75293432932795,1.00077951894763,866.427644033192,0.000308630276781264,0.99421
559,1.00783,0.785652,-0.222176,0.207292,0.75293432932795,1.00077951894763,866.427644033192,0.000308630276781264,0.99421
560,1.00783,0.785652,-0.222176,0.207292,0.75293432932795,1.00077951894763,866.427644033192,0.000308630276781264,0.99421
561,1.00783,0.785652,-0.222176,0.207292,0.75293432932795,1.00077951894763,866.427644033192,0.000308630276781264,0.99421
562,1.00783,0.785652,-0.222176,0.207292,0.75293432932795,1.00077951894763,866.427644033192,0.000308630276781264,0.99421
563,1.00783,0.785652,-0.222176,0.207292,0.75293432932795,1.00077951894763,866.427644033192,0.000308630276781264,0.99421
564,1.00783,0.785652,-0.222176,0.207292,0.75293432932795,1.00077951894763,866.427644033192,0.000308630276781264,0.99421
565,1.00783,0.785652,-0.222176,0.207292,0.75293432932795,1.00077951894763,866.427644033192,0.000308630276781264,0.99421
566,1.00783,0.785652,-0.222176,0.207292,0.75293432932795,1.00077951894763,866.427644033192,0.000308630276781264,0.99421
